{
  "last_regime": "STRONG_TREND",
  "regime_history": [
    "RANGING",
    "STRONG_TREND"
  ],
  "markov": {
    "alpha": 0.05,
    "matrix": {
      "RANGING": {
        "STRONG_TREND": 0.1795454545454545,
        "WEAK_TREND": 0.08204545454545455,
        "RANGING": 0.08204545454545455,
        "EXPANSION": 0.08204545454545455,
        "MEAN_REVERSION": 0.08204545454545455,
        "VOLATILITY_EXPLOSION": 0.08204545454545455,
        "CONSOLIDATION": 0.08204545454545455,
        "BULL_TRENDING": 0.08204545454545455,
        "BEAR_TRENDING": 0.08204545454545455,
        "SIDEWAYS": 0.08204545454545455,
        "OTHER": 0.08204545454545455
      },
      "STRONG_TREND": {
        "STRONG_TREND": 0.09090909090909091,
        "WEAK_TREND": 0.09090909090909091,
        "RANGING": 0.09090909090909091,
        "EXPANSION": 0.09090909090909091,
        "MEAN_REVERSION": 0.09090909090909091,
        "VOLATILITY_EXPLOSION": 0.09090909090909091,
        "CONSOLIDATION": 0.09090909090909091,
        "BULL_TRENDING": 0.09090909090909091,
        "BEAR_TRENDING": 0.09090909090909091,
        "SIDEWAYS": 0.09090909090909091,
        "OTHER": 0.09090909090909091
      }
    },
    "observation_counts": {
      "RANGING": 2
    }
  }
}